4721,6,3777,1722,HELLO MY NAME IS MUKESH HOW ARE YOU JASDJASDADASSDA,HELLO MY NAME IS MUKESH HOW ARE YOU JASDJASDADASSDA
8543,5,7354,7097,HELLO MY NAME IS MUKESH HOW ARE YOU JASDJASDADASSDA,HELLO MY NAME IS MUKESH HOW ARE YOU JASDJASDADASSDA
2297,5,953,903,HELLO MY NAME IS MUKESH HOW ARE YOU JASDJASDADASSDA,HELLO MY NAME IS MUKESH HOW ARE YOU JASDJASDADASSDA
7901,2,7881,4242,HELLO MY NAME IS MUKESH HOW ARE YOU JASDJASDADASSDA,HELLO MY NAME IS MUKESH HOW ARE YOU JASDJASDADASSDA
3391,3,220,3051,HELLO MY NAME IS MUKESH HOW ARE YOU JASDJASDADASSDA,HELLO MY NAME IS MUKESH HOW ARE YOU JASDJASDADASSDA
8191,17,2184,894,HELLO MY NAME IS MUKESH HOW ARE YOU JASDJASDADASSDA,HELLO MY NAME IS MUKESH HOW ARE YOU JASDJASDADASSDA
3709,2,996,1237,HELLO MY NAME IS MUKESH HOW ARE YOU JASDJASDADASSDA,HELLO MY NAME IS MUKESH HOW ARE YOU JASDJASDADASSDA
5437,5,2352,3022,HELLO MY NAME IS MUKESH HOW ARE YOU JASDJASDADASSDA,HELLO MY NAME IS MUKESH HOW ARE YOU JASDJASDADASSDA
3739,7,61,1007,HELLO MY NAME IS MUKESH HOW ARE YOU JASDJASDADASSDA,HELLO MY NAME IS MUKESH HOW ARE YOU JASDJASDADASSDA
7127,5,6729,1962,HELLO MY NAME IS MUKESH HOW ARE YOU JASDJASDADASSDA,HELLO MY NAME IS MUKESH HOW ARE YOU JASDJASDADASSDA
3203,2,459,2439,HELLO MY NAME IS MUKESH HOW ARE YOU JASDJASDADASSDA,HELLO MY NAME IS MUKESH HOW ARE YOU JASDJASDADASSDA
8821,2,479,6693,HELLO MY NAME IS MUKESH HOW ARE YOU JASDJASDADASSDA,HELLO MY NAME IS MUKESH HOW ARE YOU JASDJASDADASSDA
7717,2,5495,5685,HELLO MY NAME IS MUKESH HOW ARE YOU JASDJASDADASSDA,HELLO MY NAME IS MUKESH HOW ARE YOU JASDJASDADASSDA
4973,2,2328,961,HELLO MY NAME IS MUKESH HOW ARE YOU JASDJASDADASSDA,HELLO MY NAME IS MUKESH HOW ARE YOU JASDJASDADASSDA
4889,3,4264,1932,HELLO MY NAME IS MUKESH HOW ARE YOU JASDJASDADASSDA,HELLO MY NAME IS MUKESH HOW ARE YOU JASDJASDADASSDA
7019,2,4420,420,HELLO MY NAME IS MUKESH HOW ARE YOU JASDJASDADASSDA,HELLO MY NAME IS MUKESH HOW ARE YOU JASDJASDADASSDA
5101,6,2060,1371,HELLO MY NAME IS MUKESH HOW ARE YOU JASDJASDADASSDA,HELLO MY NAME IS MUKESH HOW ARE YOU JASDJASDADASSDA
1013,3,814,620,HELLO MY NAME IS MUKESH HOW ARE YOU JASDJASDADASSDA,HELLO MY NAME IS MUKESH HOW ARE YOU JASDJASDADASSDA
1163,5,269,662,HELLO MY NAME IS MUKESH HOW ARE YOU JASDJASDADASSDA,HELLO MY NAME IS MUKESH HOW ARE YOU JASDJASDADASSDA
2039,7,212,1066,HELLO MY NAME IS MUKESH HOW ARE YOU JASDJASDADASSDA,HELLO MY NAME IS MUKESH HOW ARE YOU JASDJASDADASSDA
4283,2,4203,1628,HELLO MY NAME IS MUKESH HOW ARE YOU JASDJASDADASSDA,HELLO MY NAME IS MUKESH HOW ARE YOU JASDJASDADASSDA
4639,3,1265,4119,HELLO MY NAME IS MUKESH HOW ARE YOU JASDJASDADASSDA,HELLO MY NAME IS MUKESH HOW ARE YOU JASDJASDADASSDA
7873,5,1854,2153,HELLO MY NAME IS MUKESH HOW ARE YOU JASDJASDADASSDA,HELLO MY NAME IS MUKESH HOW ARE YOU JASDJASDADASSDA
8059,3,13,4384,HELLO MY NAME IS MUKESH HOW ARE YOU JASDJASDADASSDA,HELLO MY NAME IS MUKESH HOW ARE YOU JASDJASDADASSDA
9619,2,3622,7111,HELLO MY NAME IS MUKESH HOW ARE YOU JASDJASDADASSDA,HELLO MY NAME IS MUKESH HOW ARE YOU JASDJASDADASSDA
7673,3,3157,1892,HELLO MY NAME IS MUKESH HOW ARE YOU JASDJASDADASSDA,HELLO MY NAME IS MUKESH HOW ARE YOU JASDJASDADASSDA
4201,11,2676,295,HELLO MY NAME IS MUKESH HOW ARE YOU JASDJASDADASSDA,HELLO MY NAME IS MUKESH HOW ARE YOU JASDJASDADASSDA
8317,6,6216,4688,HELLO MY NAME IS MUKESH HOW ARE YOU JASDJASDADASSDA,HELLO MY NAME IS MUKESH HOW ARE YOU JASDJASDADASSDA
6481,7,662,2173,HELLO MY NAME IS MUKESH HOW ARE YOU JASDJASDADASSDA,HELLO MY NAME IS MUKESH HOW ARE YOU JASDJASDADASSDA
2381,3,1112,1112,HELLO MY NAME IS MUKESH HOW ARE YOU JASDJASDADASSDA,HELLO MY NAME IS MUKESH HOW ARE YOU JASDJASDADASSDA
4967,5,3149,4754,HELLO MY NAME IS MUKESH HOW ARE YOU JASDJASDADASSDA,HELLO MY NAME IS MUKESH HOW ARE YOU JASDJASDADASSDA
3203,2,885,370,HELLO MY NAME IS MUKESH HOW ARE YOU JASDJASDADASSDA,HELLO MY NAME IS MUKESH HOW ARE YOU JASDJASDADASSDA
5923,2,4255,1524,HELLO MY NAME IS MUKESH HOW ARE YOU JASDJASDADASSDA,HELLO MY NAME IS MUKESH HOW ARE YOU JASDJASDADASSDA
1579,3,981,1337,HELLO MY NAME IS MUKESH HOW ARE YOU JASDJASDADASSDA,HELLO MY NAME IS MUKESH HOW ARE YOU JASDJASDADASSDA
2221,2,1155,1369,HELLO MY NAME IS MUKESH HOW ARE YOU JASDJASDADASSDA,HELLO MY NAME IS MUKESH HOW ARE YOU JASDJASDADASSDA
4127,5,2658,3089,HELLO MY NAME IS MUKESH HOW ARE YOU JASDJASDADASSDA,HELLO MY NAME IS MUKESH HOW ARE YOU JASDJASDADASSDA
9769,13,7142,5087,HELLO MY NAME IS MUKESH HOW ARE YOU JASDJASDADASSDA,HELLO MY NAME IS MUKESH HOW ARE YOU JASDJASDADASSDA
6301,10,4250,5024,HELLO MY NAME IS MUKESH HOW ARE YOU JASDJASDADASSDA,HELLO MY NAME IS MUKESH HOW ARE YOU JASDJASDADASSDA
4337,3,1372,2436,HELLO MY NAME IS MUKESH HOW ARE YOU JASDJASDADASSDA,HELLO MY NAME IS MUKESH HOW ARE YOU JASDJASDADASSDA
4909,6,2196,3463,HELLO MY NAME IS MUKESH HOW ARE YOU JASDJASDADASSDA,HELLO MY NAME IS MUKESH HOW ARE YOU JASDJASDADASSDA
8443,2,5875,2755,HELLO MY NAME IS MUKESH HOW ARE YOU JASDJASDADASSDA,HELLO MY NAME IS MUKESH HOW ARE YOU JASDJASDADASSDA
1153,5,879,337,HELLO MY NAME IS MUKESH HOW ARE YOU JASDJASDADASSDA,HELLO MY NAME IS MUKESH HOW ARE YOU JASDJASDADASSDA
1039,3,355,617,HELLO MY NAME IS MUKESH HOW ARE YOU JASDJASDADASSDA,HELLO MY NAME IS MUKESH HOW ARE YOU JASDJASDADASSDA
5231,7,1194,2571,HELLO MY NAME IS MUKESH HOW ARE YOU JASDJASDADASSDA,HELLO MY NAME IS MUKESH HOW ARE YOU JASDJASDADASSDA
2861,2,1532,1081,HELLO MY NAME IS MUKESH HOW ARE YOU JASDJASDADASSDA,HELLO MY NAME IS MUKESH HOW ARE YOU JASDJASDADASSDA
1907,2,1517,1081,HELLO MY NAME IS MUKESH HOW ARE YOU JASDJASDADASSDA,HELLO MY NAME IS MUKESH HOW ARE YOU JASDJASDADASSDA
4357,2,2717,3645,HELLO MY NAME IS MUKESH HOW ARE YOU JASDJASDADASSDA,HELLO MY NAME IS MUKESH HOW ARE YOU JASDJASDADASSDA
8689,13,5528,2305,HELLO MY NAME IS MUKESH HOW ARE YOU JASDJASDADASSDA,HELLO MY NAME IS MUKESH HOW ARE YOU JASDJASDADASSDA
7703,5,5519,6416,HELLO MY NAME IS MUKESH HOW ARE YOU JASDJASDADASSDA,HELLO MY NAME IS MUKESH HOW ARE YOU JASDJASDADASSDA
9283,2,6211,3576,HELLO MY NAME IS MUKESH HOW ARE YOU JASDJASDADASSDA,HELLO MY NAME IS MUKESH HOW ARE YOU JASDJASDADASSDA
6701,2,4143,5385,HELLO MY NAME IS MUKESH HOW ARE YOU JASDJASDADASSDA,HELLO MY NAME IS MUKESH HOW ARE YOU JASDJASDADASSDA
3011,2,1920,2871,HELLO MY NAME IS MUKESH HOW ARE YOU JASDJASDADASSDA,HELLO MY NAME IS MUKESH HOW ARE YOU JASDJASDADASSDA
4099,2,4044,2523,HELLO MY NAME IS MUKESH HOW ARE YOU JASDJASDADASSDA,HELLO MY NAME IS MUKESH HOW ARE YOU JASDJASDADASSDA
8629,6,4534,4291,HELLO MY NAME IS MUKESH HOW ARE YOU JASDJASDADASSDA,HELLO MY NAME IS MUKESH HOW ARE YOU JASDJASDADASSDA
1283,2,216,1081,HELLO MY NAME IS MUKESH HOW ARE YOU JASDJASDADASSDA,HELLO MY NAME IS MUKESH HOW ARE YOU JASDJASDADASSDA
4549,6,740,2721,HELLO MY NAME IS MUKESH HOW ARE YOU JASDJASDADASSDA,HELLO MY NAME IS MUKESH HOW ARE YOU JASDJASDADASSDA
7247,5,397,4713,HELLO MY NAME IS MUKESH HOW ARE YOU JASDJASDADASSDA,HELLO MY NAME IS MUKESH HOW ARE YOU JASDJASDADASSDA
8429,2,2067,7311,HELLO MY NAME IS MUKESH HOW ARE YOU JASDJASDADASSDA,HELLO MY NAME IS MUKESH HOW ARE YOU JASDJASDADASSDA
6563,5,4100,953,HELLO MY NAME IS MUKESH HOW ARE YOU JASDJASDADASSDA,HELLO MY NAME IS MUKESH HOW ARE YOU JASDJASDADASSDA
2593,7,1198,849,HELLO MY NAME IS MUKESH HOW ARE YOU JASDJASDADASSDA,HELLO MY NAME IS MUKESH HOW ARE YOU JASDJASDADASSDA
3631,15,2463,2713,HELLO MY NAME IS MUKESH HOW ARE YOU JASDJASDADASSDA,HELLO MY NAME IS MUKESH HOW ARE YOU JASDJASDADASSDA
1087,3,1027,845,HELLO MY NAME IS MUKESH HOW ARE YOU JASDJASDADASSDA,HELLO MY NAME IS MUKESH HOW ARE YOU JASDJASDADASSDA
8447,5,8436,4591,HELLO MY NAME IS MUKESH HOW ARE YOU JASDJASDADASSDA,HELLO MY NAME IS MUKESH HOW ARE YOU JASDJASDADASSDA
7043,2,2618,2346,HELLO MY NAME IS MUKESH HOW ARE YOU JASDJASDADASSDA,HELLO MY NAME IS MUKESH HOW ARE YOU JASDJASDADASSDA
5003,2,1040,1460,HELLO MY NAME IS MUKESH HOW ARE YOU JASDJASDADASSDA,HELLO MY NAME IS MUKESH HOW ARE YOU JASDJASDADASSDA
8539,2,4302,346,HELLO MY NAME IS MUKESH HOW ARE YOU JASDJASDADASSDA,HELLO MY NAME IS MUKESH HOW ARE YOU JASDJASDADASSDA
4813,2,210,1112,HELLO MY NAME IS MUKESH HOW ARE YOU JASDJASDADASSDA,HELLO MY NAME IS MUKESH HOW ARE YOU JASDJASDADASSDA
4993,5,4614,2339,HELLO MY NAME IS MUKESH HOW ARE YOU JASDJASDADASSDA,HELLO MY NAME IS MUKESH HOW ARE YOU JASDJASDADASSDA
7481,6,1404,1314,HELLO MY NAME IS MUKESH HOW ARE YOU JASDJASDADASSDA,HELLO MY NAME IS MUKESH HOW ARE YOU JASDJASDADASSDA
5209,17,4983,3660,HELLO MY NAME IS MUKESH HOW ARE YOU JASDJASDADASSDA,HELLO MY NAME IS MUKESH HOW ARE YOU JASDJASDADASSDA
4909,6,546,4456,HELLO MY NAME IS MUKESH HOW ARE YOU JASDJASDADASSDA,HELLO MY NAME IS MUKESH HOW ARE YOU JASDJASDADASSDA
5867,5,1161,5230,HELLO MY NAME IS MUKESH HOW ARE YOU JASDJASDADASSDA,HELLO MY NAME IS MUKESH HOW ARE YOU JASDJASDADASSDA
8573,2,2489,8224,HELLO MY NAME IS MUKESH HOW ARE YOU JASDJASDADASSDA,HELLO MY NAME IS MUKESH HOW ARE YOU JASDJASDADASSDA
8123,2,6025,5219,HELLO MY NAME IS MUKESH HOW ARE YOU JASDJASDADASSDA,HELLO MY NAME IS MUKESH HOW ARE YOU JASDJASDADASSDA
2153,3,1694,1328,HELLO MY NAME IS MUKESH HOW ARE YOU JASDJASDADASSDA,HELLO MY NAME IS MUKESH HOW ARE YOU JASDJASDADASSDA
2749,6,1188,477,HELLO MY NAME IS MUKESH HOW ARE YOU JASDJASDADASSDA,HELLO MY NAME IS MUKESH HOW ARE YOU JASDJASDADASSDA
3631,15,3318,3432,HELLO MY NAME IS MUKESH HOW ARE YOU JASDJASDADASSDA,HELLO MY NAME IS MUKESH HOW ARE YOU JASDJASDADASSDA
7529,3,2007,5805,HELLO MY NAME IS MUKESH HOW ARE YOU JASDJASDADASSDA,HELLO MY NAME IS MUKESH HOW ARE YOU JASDJASDADASSDA
8423,5,6884,3958,HELLO MY NAME IS MUKESH HOW ARE YOU JASDJASDADASSDA,HELLO MY NAME IS MUKESH HOW ARE YOU JASDJASDADASSDA
9787,3,497,4944,HELLO MY NAME IS MUKESH HOW ARE YOU JASDJASDADASSDA,HELLO MY NAME IS MUKESH HOW ARE YOU JASDJASDADASSDA
5431,3,4871,2081,HELLO MY NAME IS MUKESH HOW ARE YOU JASDJASDADASSDA,HELLO MY NAME IS MUKESH HOW ARE YOU JASDJASDADASSDA
3571,2,3010,3492,HELLO MY NAME IS MUKESH HOW ARE YOU JASDJASDADASSDA,HELLO MY NAME IS MUKESH HOW ARE YOU JASDJASDADASSDA
9323,2,2136,509,HELLO MY NAME IS MUKESH HOW ARE YOU JASDJASDADASSDA,HELLO MY NAME IS MUKESH HOW ARE YOU JASDJASDADASSDA
1493,2,1340,699,HELLO MY NAME IS MUKESH HOW ARE YOU JASDJASDADASSDA,HELLO MY NAME IS MUKESH HOW ARE YOU JASDJASDADASSDA
5641,14,466,348,HELLO MY NAME IS MUKESH HOW ARE YOU JASDJASDADASSDA,HELLO MY NAME IS MUKESH HOW ARE YOU JASDJASDADASSDA
1373,2,166,1166,HELLO MY NAME IS MUKESH HOW ARE YOU JASDJASDADASSDA,HELLO MY NAME IS MUKESH HOW ARE YOU JASDJASDADASSDA
2803,2,110,671,HELLO MY NAME IS MUKESH HOW ARE YOU JASDJASDADASSDA,HELLO MY NAME IS MUKESH HOW ARE YOU JASDJASDADASSDA
4073,3,3578,3403,HELLO MY NAME IS MUKESH HOW ARE YOU JASDJASDADASSDA,HELLO MY NAME IS MUKESH HOW ARE YOU JASDJASDADASSDA
3463,3,1606,2719,HELLO MY NAME IS MUKESH HOW ARE YOU JASDJASDADASSDA,HELLO MY NAME IS MUKESH HOW ARE YOU JASDJASDADASSDA
9733,2,2407,6038,HELLO MY NAME IS MUKESH HOW ARE YOU JASDJASDADASSDA,HELLO MY NAME IS MUKESH HOW ARE YOU JASDJASDADASSDA
9941,2,7491,2483,HELLO MY NAME IS MUKESH HOW ARE YOU JASDJASDADASSDA,HELLO MY NAME IS MUKESH HOW ARE YOU JASDJASDADASSDA
4289,3,2307,546,HELLO MY NAME IS MUKESH HOW ARE YOU JASDJASDADASSDA,HELLO MY NAME IS MUKESH HOW ARE YOU JASDJASDADASSDA
1013,3,399,274,HELLO MY NAME IS MUKESH HOW ARE YOU JASDJASDADASSDA,HELLO MY NAME IS MUKESH HOW ARE YOU JASDJASDADASSDA
4519,3,1536,1549,HELLO MY NAME IS MUKESH HOW ARE YOU JASDJASDADASSDA,HELLO MY NAME IS MUKESH HOW ARE YOU JASDJASDADASSDA
3299,2,1361,3276,HELLO MY NAME IS MUKESH HOW ARE YOU JASDJASDADASSDA,HELLO MY NAME IS MUKESH HOW ARE YOU JASDJASDADASSDA
1109,2,1064,478,HELLO MY NAME IS MUKESH HOW ARE YOU JASDJASDADASSDA,HELLO MY NAME IS MUKESH HOW ARE YOU JASDJASDADASSDA
1471,6,1051,1303,HELLO MY NAME IS MUKESH HOW ARE YOU JASDJASDADASSDA,HELLO MY NAME IS MUKESH HOW ARE YOU JASDJASDADASSDA
6637,2,378,4243,HELLO MY NAME IS MUKESH HOW ARE YOU JASDJASDADASSDA,HELLO MY NAME IS MUKESH HOW ARE YOU JASDJASDADASSDA
2417,3,2020,1980,HELLO MY NAME IS MUKESH HOW ARE YOU JASDJASDADASSDA,HELLO MY NAME IS MUKESH HOW ARE YOU JASDJASDADASSDA
5197,7,1766,1313,HELLO MY NAME IS MUKESH HOW ARE YOU JASDJASDADASSDA,HELLO MY NAME IS MUKESH HOW ARE YOU JASDJASDADASSDA
9461,3,2441,2183,HELLO MY NAME IS MUKESH HOW ARE YOU JASDJASDADASSDA,HELLO MY NAME IS MUKESH HOW ARE YOU JASDJASDADASSDA
4673,3,615,4280,HELLO MY NAME IS MUKESH HOW ARE YOU JASDJASDADASSDA,HELLO MY NAME IS MUKESH HOW ARE YOU JASDJASDADASSDA
3217,5,1013,3097,HELLO MY NAME IS MUKESH HOW ARE YOU JASDJASDADASSDA,HELLO MY NAME IS MUKESH HOW ARE YOU JASDJASDADASSDA
6689,3,3474,2461,HELLO MY NAME IS MUKESH HOW ARE YOU JASDJASDADASSDA,HELLO MY NAME IS MUKESH HOW ARE YOU JASDJASDADASSDA
6011,2,126,5067,HELLO MY NAME IS MUKESH HOW ARE YOU JASDJASDADASSDA,HELLO MY NAME IS MUKESH HOW ARE YOU JASDJASDADASSDA
3407,5,1093,2373,HELLO MY NAME IS MUKESH HOW ARE YOU JASDJASDADASSDA,HELLO MY NAME IS MUKESH HOW ARE YOU JASDJASDADASSDA
3271,3,2668,1046,HELLO MY NAME IS MUKESH HOW ARE YOU JASDJASDADASSDA,HELLO MY NAME IS MUKESH HOW ARE YOU JASDJASDADASSDA
8087,5,4360,7705,HELLO MY NAME IS MUKESH HOW ARE YOU JASDJASDADASSDA,HELLO MY NAME IS MUKESH HOW ARE YOU JASDJASDADASSDA
3929,3,57,2824,HELLO MY NAME IS MUKESH HOW ARE YOU JASDJASDADASSDA,HELLO MY NAME IS MUKESH HOW ARE YOU JASDJASDADASSDA
9967,3,4979,6475,HELLO MY NAME IS MUKESH HOW ARE YOU JASDJASDADASSDA,HELLO MY NAME IS MUKESH HOW ARE YOU JASDJASDADASSDA
6211,2,5292,2871,HELLO MY NAME IS MUKESH HOW ARE YOU JASDJASDADASSDA,HELLO MY NAME IS MUKESH HOW ARE YOU JASDJASDADASSDA
6701,2,1035,3730,HELLO MY NAME IS MUKESH HOW ARE YOU JASDJASDADASSDA,HELLO MY NAME IS MUKESH HOW ARE YOU JASDJASDADASSDA
1741,2,46,601,HELLO MY NAME IS MUKESH HOW ARE YOU JASDJASDADASSDA,HELLO MY NAME IS MUKESH HOW ARE YOU JASDJASDADASSDA
8017,5,7996,2344,HELLO MY NAME IS MUKESH HOW ARE YOU JASDJASDADASSDA,HELLO MY NAME IS MUKESH HOW ARE YOU JASDJASDADASSDA
3821,3,336,2870,HELLO MY NAME IS MUKESH HOW ARE YOU JASDJASDADASSDA,HELLO MY NAME IS MUKESH HOW ARE YOU JASDJASDADASSDA
2647,3,2532,1401,HELLO MY NAME IS MUKESH HOW ARE YOU JASDJASDADASSDA,HELLO MY NAME IS MUKESH HOW ARE YOU JASDJASDADASSDA
5431,3,97,4958,HELLO MY NAME IS MUKESH HOW ARE YOU JASDJASDADASSDA,HELLO MY NAME IS MUKESH HOW ARE YOU JASDJASDADASSDA
8663,5,5850,1931,HELLO MY NAME IS MUKESH HOW ARE YOU JASDJASDADASSDA,HELLO MY NAME IS MUKESH HOW ARE YOU JASDJASDADASSDA
9931,10,5734,6464,HELLO MY NAME IS MUKESH HOW ARE YOU JASDJASDADASSDA,HELLO MY NAME IS MUKESH HOW ARE YOU JASDJASDADASSDA
3467,2,1037,751,HELLO MY NAME IS MUKESH HOW ARE YOU JASDJASDADASSDA,HELLO MY NAME IS MUKESH HOW ARE YOU JASDJASDADASSDA
2551,6,1790,1767,HELLO MY NAME IS MUKESH HOW ARE YOU JASDJASDADASSDA,HELLO MY NAME IS MUKESH HOW ARE YOU JASDJASDADASSDA
6619,2,4143,1021,HELLO MY NAME IS MUKESH HOW ARE YOU JASDJASDADASSDA,HELLO MY NAME IS MUKESH HOW ARE YOU JASDJASDADASSDA
6421,6,2815,4638,HELLO MY NAME IS MUKESH HOW ARE YOU JASDJASDADASSDA,HELLO MY NAME IS MUKESH HOW ARE YOU JASDJASDADASSDA
1709,3,870,1569,HELLO MY NAME IS MUKESH HOW ARE YOU JASDJASDADASSDA,HELLO MY NAME IS MUKESH HOW ARE YOU JASDJASDADASSDA
3301,6,2437,3223,HELLO MY NAME IS MUKESH HOW ARE YOU JASDJASDADASSDA,HELLO MY NAME IS MUKESH HOW ARE YOU JASDJASDADASSDA
7057,5,2891,2456,HELLO MY NAME IS MUKESH HOW ARE YOU JASDJASDADASSDA,HELLO MY NAME IS MUKESH HOW ARE YOU JASDJASDADASSDA
5779,2,5356,683,HELLO MY NAME IS MUKESH HOW ARE YOU JASDJASDADASSDA,HELLO MY NAME IS MUKESH HOW ARE YOU JASDJASDADASSDA
4729,17,4266,2207,HELLO MY NAME IS MUKESH HOW ARE YOU JASDJASDADASSDA,HELLO MY NAME IS MUKESH HOW ARE YOU JASDJASDADASSDA
8681,15,6701,7743,HELLO MY NAME IS MUKESH HOW ARE YOU JASDJASDADASSDA,HELLO MY NAME IS MUKESH HOW ARE YOU JASDJASDADASSDA
3557,2,1799,2365,HELLO MY NAME IS MUKESH HOW ARE YOU JASDJASDADASSDA,HELLO MY NAME IS MUKESH HOW ARE YOU JASDJASDADASSDA
5147,2,1759,3110,HELLO MY NAME IS MUKESH HOW ARE YOU JASDJASDADASSDA,HELLO MY NAME IS MUKESH HOW ARE YOU JASDJASDADASSDA
7927,3,7679,6299,HELLO MY NAME IS MUKESH HOW ARE YOU JASDJASDADASSDA,HELLO MY NAME IS MUKESH HOW ARE YOU JASDJASDADASSDA
5821,6,1827,4147,HELLO MY NAME IS MUKESH HOW ARE YOU JASDJASDADASSDA,HELLO MY NAME IS MUKESH HOW ARE YOU JASDJASDADASSDA
7283,2,1774,787,HELLO MY NAME IS MUKESH HOW ARE YOU JASDJASDADASSDA,HELLO MY NAME IS MUKESH HOW ARE YOU JASDJASDADASSDA
6521,6,2722,796,HELLO MY NAME IS MUKESH HOW ARE YOU JASDJASDADASSDA,HELLO MY NAME IS MUKESH HOW ARE YOU JASDJASDADASSDA
2099,2,898,1300,HELLO MY NAME IS MUKESH HOW ARE YOU JASDJASDADASSDA,HELLO MY NAME IS MUKESH HOW ARE YOU JASDJASDADASSDA
5323,5,1549,528,HELLO MY NAME IS MUKESH HOW ARE YOU JASDJASDADASSDA,HELLO MY NAME IS MUKESH HOW ARE YOU JASDJASDADASSDA
3847,5,2079,1548,HELLO MY NAME IS MUKESH HOW ARE YOU JASDJASDADASSDA,HELLO MY NAME IS MUKESH HOW ARE YOU JASDJASDADASSDA
5281,7,3014,3337,HELLO MY NAME IS MUKESH HOW ARE YOU JASDJASDADASSDA,HELLO MY NAME IS MUKESH HOW ARE YOU JASDJASDADASSDA
3449,3,3147,1750,HELLO MY NAME IS MUKESH HOW ARE YOU JASDJASDADASSDA,HELLO MY NAME IS MUKESH HOW ARE YOU JASDJASDADASSDA
5693,2,4299,1316,HELLO MY NAME IS MUKESH HOW ARE YOU JASDJASDADASSDA,HELLO MY NAME IS MUKESH HOW ARE YOU JASDJASDADASSDA
4751,19,1416,2278,HELLO MY NAME IS MUKESH HOW ARE YOU JASDJASDADASSDA,HELLO MY NAME IS MUKESH HOW ARE YOU JASDJASDADASSDA
7039,3,6613,5361,HELLO MY NAME IS MUKESH HOW ARE YOU JASDJASDADASSDA,HELLO MY NAME IS MUKESH HOW ARE YOU JASDJASDADASSDA
1429,6,19,398,HELLO MY NAME IS MUKESH HOW ARE YOU JASDJASDADASSDA,HELLO MY NAME IS MUKESH HOW ARE YOU JASDJASDADASSDA
9887,5,8277,9104,HELLO MY NAME IS MUKESH HOW ARE YOU JASDJASDADASSDA,HELLO MY NAME IS MUKESH HOW ARE YOU JASDJASDADASSDA
6997,5,938,2691,HELLO MY NAME IS MUKESH HOW ARE YOU JASDJASDADASSDA,HELLO MY NAME IS MUKESH HOW ARE YOU JASDJASDADASSDA
7547,2,5472,5392,HELLO MY NAME IS MUKESH HOW ARE YOU JASDJASDADASSDA,HELLO MY NAME IS MUKESH HOW ARE YOU JASDJASDADASSDA
4283,2,3746,3821,HELLO MY NAME IS MUKESH HOW ARE YOU JASDJASDADASSDA,HELLO MY NAME IS MUKESH HOW ARE YOU JASDJASDADASSDA
5867,5,2291,2681,HELLO MY NAME IS MUKESH HOW ARE YOU JASDJASDADASSDA,HELLO MY NAME IS MUKESH HOW ARE YOU JASDJASDADASSDA
7607,5,2264,1876,HELLO MY NAME IS MUKESH HOW ARE YOU JASDJASDADASSDA,HELLO MY NAME IS MUKESH HOW ARE YOU JASDJASDADASSDA
3001,14,1348,1234,HELLO MY NAME IS MUKESH HOW ARE YOU JASDJASDADASSDA,HELLO MY NAME IS MUKESH HOW ARE YOU JASDJASDADASSDA
9743,5,462,8692,HELLO MY NAME IS MUKESH HOW ARE YOU JASDJASDADASSDA,HELLO MY NAME IS MUKESH HOW ARE YOU JASDJASDADASSDA
8209,7,4834,3030,HELLO MY NAME IS MUKESH HOW ARE YOU JASDJASDADASSDA,HELLO MY NAME IS MUKESH HOW ARE YOU JASDJASDADASSDA
9973,11,9963,9468,HELLO MY NAME IS MUKESH HOW ARE YOU JASDJASDADASSDA,HELLO MY NAME IS MUKESH HOW ARE YOU JASDJASDADASSDA
5113,19,2806,4560,HELLO MY NAME IS MUKESH HOW ARE YOU JASDJASDADASSDA,HELLO MY NAME IS MUKESH HOW ARE YOU JASDJASDADASSDA
5813,2,4870,4301,HELLO MY NAME IS MUKESH HOW ARE YOU JASDJASDADASSDA,HELLO MY NAME IS MUKESH HOW ARE YOU JASDJASDADASSDA
2609,3,2592,2046,HELLO MY NAME IS MUKESH HOW ARE YOU JASDJASDADASSDA,HELLO MY NAME IS MUKESH HOW ARE YOU JASDJASDADASSDA
1319,13,489,561,HELLO MY NAME IS MUKESH HOW ARE YOU JASDJASDADASSDA,HELLO MY NAME IS MUKESH HOW ARE YOU JASDJASDADASSDA
5431,3,4256,999,HELLO MY NAME IS MUKESH HOW ARE YOU JASDJASDADASSDA,HELLO MY NAME IS MUKESH HOW ARE YOU JASDJASDADASSDA
8467,2,1572,2099,HELLO MY NAME IS MUKESH HOW ARE YOU JASDJASDADASSDA,HELLO MY NAME IS MUKESH HOW ARE YOU JASDJASDADASSDA
6577,5,2155,1908,HELLO MY NAME IS MUKESH HOW ARE YOU JASDJASDADASSDA,HELLO MY NAME IS MUKESH HOW ARE YOU JASDJASDADASSDA
4987,2,429,2323,HELLO MY NAME IS MUKESH HOW ARE YOU JASDJASDADASSDA,HELLO MY NAME IS MUKESH HOW ARE YOU JASDJASDADASSDA
6977,3,6699,2481,HELLO MY NAME IS MUKESH HOW ARE YOU JASDJASDADASSDA,HELLO MY NAME IS MUKESH HOW ARE YOU JASDJASDADASSDA
7529,3,2522,6300,HELLO MY NAME IS MUKESH HOW ARE YOU JASDJASDADASSDA,HELLO MY NAME IS MUKESH HOW ARE YOU JASDJASDADASSDA
1733,2,1579,1658,HELLO MY NAME IS MUKESH HOW ARE YOU JASDJASDADASSDA,HELLO MY NAME IS MUKESH HOW ARE YOU JASDJASDADASSDA
3023,5,785,2001,HELLO MY NAME IS MUKESH HOW ARE YOU JASDJASDADASSDA,HELLO MY NAME IS MUKESH HOW ARE YOU JASDJASDADASSDA
9203,2,8950,2002,HELLO MY NAME IS MUKESH HOW ARE YOU JASDJASDADASSDA,HELLO MY NAME IS MUKESH HOW ARE YOU JASDJASDADASSDA
8543,5,7798,4287,HELLO MY NAME IS MUKESH HOW ARE YOU JASDJASDADASSDA,HELLO MY NAME IS MUKESH HOW ARE YOU JASDJASDADASSDA
9467,2,2564,8840,HELLO MY NAME IS MUKESH HOW ARE YOU JASDJASDADASSDA,HELLO MY NAME IS MUKESH HOW ARE YOU JASDJASDADASSDA
6449,3,1807,3088,HELLO MY NAME IS MUKESH HOW ARE YOU JASDJASDADASSDA,HELLO MY NAME IS MUKESH HOW ARE YOU JASDJASDADASSDA
3739,7,2296,1374,HELLO MY NAME IS MUKESH HOW ARE YOU JASDJASDADASSDA,HELLO MY NAME IS MUKESH HOW ARE YOU JASDJASDADASSDA
5639,7,1029,2009,HELLO MY NAME IS MUKESH HOW ARE YOU JASDJASDADASSDA,HELLO MY NAME IS MUKESH HOW ARE YOU JASDJASDADASSDA
3581,2,1453,2052,HELLO MY NAME IS MUKESH HOW ARE YOU JASDJASDADASSDA,HELLO MY NAME IS MUKESH HOW ARE YOU JASDJASDADASSDA
6247,5,4625,4656,HELLO MY NAME IS MUKESH HOW ARE YOU JASDJASDADASSDA,HELLO MY NAME IS MUKESH HOW ARE YOU JASDJASDADASSDA
5939,2,3681,4432,HELLO MY NAME IS MUKESH HOW ARE YOU JASDJASDADASSDA,HELLO MY NAME IS MUKESH HOW ARE YOU JASDJASDADASSDA
5189,2,4466,1521,HELLO MY NAME IS MUKESH HOW ARE YOU JASDJASDADASSDA,HELLO MY NAME IS MUKESH HOW ARE YOU JASDJASDADASSDA
2801,3,1942,2529,HELLO MY NAME IS MUKESH HOW ARE YOU JASDJASDADASSDA,HELLO MY NAME IS MUKESH HOW ARE YOU JASDJASDADASSDA
5273,3,3750,2399,HELLO MY NAME IS MUKESH HOW ARE YOU JASDJASDADASSDA,HELLO MY NAME IS MUKESH HOW ARE YOU JASDJASDADASSDA
6007,3,3016,2648,HELLO MY NAME IS MUKESH HOW ARE YOU JASDJASDADASSDA,HELLO MY NAME IS MUKESH HOW ARE YOU JASDJASDADASSDA
7829,2,1712,5601,HELLO MY NAME IS MUKESH HOW ARE YOU JASDJASDADASSDA,HELLO MY NAME IS MUKESH HOW ARE YOU JASDJASDADASSDA
9613,2,770,8657,HELLO MY NAME IS MUKESH HOW ARE YOU JASDJASDADASSDA,HELLO MY NAME IS MUKESH HOW ARE YOU JASDJASDADASSDA
4073,3,3305,3613,HELLO MY NAME IS MUKESH HOW ARE YOU JASDJASDADASSDA,HELLO MY NAME IS MUKESH HOW ARE YOU JASDJASDADASSDA
1999,3,1657,72,HELLO MY NAME IS MUKESH HOW ARE YOU JASDJASDADASSDA,HELLO MY NAME IS MUKESH HOW ARE YOU JASDJASDADASSDA
1613,3,864,1336,HELLO MY NAME IS MUKESH HOW ARE YOU JASDJASDADASSDA,HELLO MY NAME IS MUKESH HOW ARE YOU JASDJASDADASSDA
2851,2,2278,575,HELLO MY NAME IS MUKESH HOW ARE YOU JASDJASDADASSDA,HELLO MY NAME IS MUKESH HOW ARE YOU JASDJASDADASSDA
1181,7,530,75,HELLO MY NAME IS MUKESH HOW ARE YOU JASDJASDADASSDA,HELLO MY NAME IS MUKESH HOW ARE YOU JASDJASDADASSDA
7559,13,7365,5974,HELLO MY NAME IS MUKESH HOW ARE YOU JASDJASDADASSDA,HELLO MY NAME IS MUKESH HOW ARE YOU JASDJASDADASSDA
1607,5,552,1488,HELLO MY NAME IS MUKESH HOW ARE YOU JASDJASDADASSDA,HELLO MY NAME IS MUKESH HOW ARE YOU JASDJASDADASSDA
4493,2,435,575,HELLO MY NAME IS MUKESH HOW ARE YOU JASDJASDADASSDA,HELLO MY NAME IS MUKESH HOW ARE YOU JASDJASDADASSDA
2297,5,2271,2048,HELLO MY NAME IS MUKESH HOW ARE YOU JASDJASDADASSDA,HELLO MY NAME IS MUKESH HOW ARE YOU JASDJASDADASSDA
3697,5,508,351,HELLO MY NAME IS MUKESH HOW ARE YOU JASDJASDADASSDA,HELLO MY NAME IS MUKESH HOW ARE YOU JASDJASDADASSDA
3797,2,3201,1805,HELLO MY NAME IS MUKESH HOW ARE YOU JASDJASDADASSDA,HELLO MY NAME IS MUKESH HOW ARE YOU JASDJASDADASSDA
2087,5,776,804,HELLO MY NAME IS MUKESH HOW ARE YOU JASDJASDADASSDA,HELLO MY NAME IS MUKESH HOW ARE YOU JASDJASDADASSDA
3691,2,1367,1140,HELLO MY NAME IS MUKESH HOW ARE YOU JASDJASDADASSDA,HELLO MY NAME IS MUKESH HOW ARE YOU JASDJASDADASSDA
5209,17,88,3613,HELLO MY NAME IS MUKESH HOW ARE YOU JASDJASDADASSDA,HELLO MY NAME IS MUKESH HOW ARE YOU JASDJASDADASSDA
7219,2,4792,3957,HELLO MY NAME IS MUKESH HOW ARE YOU JASDJASDADASSDA,HELLO MY NAME IS MUKESH HOW ARE YOU JASDJASDADASSDA
1831,3,335,235,HELLO MY NAME IS MUKESH HOW ARE YOU JASDJASDADASSDA,HELLO MY NAME IS MUKESH HOW ARE YOU JASDJASDADASSDA
9281,3,2871,5943,HELLO MY NAME IS MUKESH HOW ARE YOU JASDJASDADASSDA,HELLO MY NAME IS MUKESH HOW ARE YOU JASDJASDADASSDA
3229,6,1115,1367,HELLO MY NAME IS MUKESH HOW ARE YOU JASDJASDADASSDA,HELLO MY NAME IS MUKESH HOW ARE YOU JASDJASDADASSDA
3109,6,920,2111,HELLO MY NAME IS MUKESH HOW ARE YOU JASDJASDADASSDA,HELLO MY NAME IS MUKESH HOW ARE YOU JASDJASDADASSDA
8081,3,6992,7700,HELLO MY NAME IS MUKESH HOW ARE YOU JASDJASDADASSDA,HELLO MY NAME IS MUKESH HOW ARE YOU JASDJASDADASSDA
8081,3,7848,1864,HELLO MY NAME IS MUKESH HOW ARE YOU JASDJASDADASSDA,HELLO MY NAME IS MUKESH HOW ARE YOU JASDJASDADASSDA
5563,2,2804,868,HELLO MY NAME IS MUKESH HOW ARE YOU JASDJASDADASSDA,HELLO MY NAME IS MUKESH HOW ARE YOU JASDJASDADASSDA
5059,2,3781,717,HELLO MY NAME IS MUKESH HOW ARE YOU JASDJASDADASSDA,HELLO MY NAME IS MUKESH HOW ARE YOU JASDJASDADASSDA
8363,2,384,4705,HELLO MY NAME IS MUKESH HOW ARE YOU JASDJASDADASSDA,HELLO MY NAME IS MUKESH HOW ARE YOU JASDJASDADASSDA
8011,14,6478,7992,HELLO MY NAME IS MUKESH HOW ARE YOU JASDJASDADASSDA,HELLO MY NAME IS MUKESH HOW ARE YOU JASDJASDADASSDA
9769,13,827,6884,HELLO MY NAME IS MUKESH HOW ARE YOU JASDJASDADASSDA,HELLO MY NAME IS MUKESH HOW ARE YOU JASDJASDADASSDA
4057,5,1567,1678,HELLO MY NAME IS MUKESH HOW ARE YOU JASDJASDADASSDA,HELLO MY NAME IS MUKESH HOW ARE YOU JASDJASDADASSDA
1987,2,1490,991,HELLO MY NAME IS MUKESH HOW ARE YOU JASDJASDADASSDA,HELLO MY NAME IS MUKESH HOW ARE YOU JASDJASDADASSDA
1229,2,323,102,HELLO MY NAME IS MUKESH HOW ARE YOU JASDJASDADASSDA,HELLO MY NAME IS MUKESH HOW ARE YOU JASDJASDADASSDA
8821,2,366,8520,HELLO MY NAME IS MUKESH HOW ARE YOU JASDJASDADASSDA,HELLO MY NAME IS MUKESH HOW ARE YOU JASDJASDADASSDA
3251,6,54,2183,HELLO MY NAME IS MUKESH HOW ARE YOU JASDJASDADASSDA,HELLO MY NAME IS MUKESH HOW ARE YOU JASDJASDADASSDA
4289,3,1937,2575,HELLO MY NAME IS MUKESH HOW ARE YOU JASDJASDADASSDA,HELLO MY NAME IS MUKESH HOW ARE YOU JASDJASDADASSDA
9767,5,2281,3118,HELLO MY NAME IS MUKESH HOW ARE YOU JASDJASDADASSDA,HELLO MY NAME IS MUKESH HOW ARE YOU JASDJASDADASSDA
3209,3,1516,22,HELLO MY NAME IS MUKESH HOW ARE YOU JASDJASDADASSDA,HELLO MY NAME IS MUKESH HOW ARE YOU JASDJASDADASSDA
2011,3,499,1540,HELLO MY NAME IS MUKESH HOW ARE YOU JASDJASDADASSDA,HELLO MY NAME IS MUKESH HOW ARE YOU JASDJASDADASSDA
4289,3,1552,697,HELLO MY NAME IS MUKESH HOW ARE YOU JASDJASDADASSDA,HELLO MY NAME IS MUKESH HOW ARE YOU JASDJASDADASSDA
5179,2,199,4729,HELLO MY NAME IS MUKESH HOW ARE YOU JASDJASDADASSDA,HELLO MY NAME IS MUKESH HOW ARE YOU JASDJASDADASSDA
3359,11,1007,3045,HELLO MY NAME IS MUKESH HOW ARE YOU JASDJASDADASSDA,HELLO MY NAME IS MUKESH HOW ARE YOU JASDJASDADASSDA
1429,6,1397,493,HELLO MY NAME IS MUKESH HOW ARE YOU JASDJASDADASSDA,HELLO MY NAME IS MUKESH HOW ARE YOU JASDJASDADASSDA
7603,2,1276,3822,HELLO MY NAME IS MUKESH HOW ARE YOU JASDJASDADASSDA,HELLO MY NAME IS MUKESH HOW ARE YOU JASDJASDADASSDA
8599,3,610,8335,HELLO MY NAME IS MUKESH HOW ARE YOU JASDJASDADASSDA,HELLO MY NAME IS MUKESH HOW ARE YOU JASDJASDADASSDA
7459,2,1048,2494,HELLO MY NAME IS MUKESH HOW ARE YOU JASDJASDADASSDA,HELLO MY NAME IS MUKESH HOW ARE YOU JASDJASDADASSDA
1181,7,855,713,HELLO MY NAME IS MUKESH HOW ARE YOU JASDJASDADASSDA,HELLO MY NAME IS MUKESH HOW ARE YOU JASDJASDADASSDA
8669,2,8064,1572,HELLO MY NAME IS MUKESH HOW ARE YOU JASDJASDADASSDA,HELLO MY NAME IS MUKESH HOW ARE YOU JASDJASDADASSDA
3673,5,1103,1070,HELLO MY NAME IS MUKESH HOW ARE YOU JASDJASDADASSDA,HELLO MY NAME IS MUKESH HOW ARE YOU JASDJASDADASSDA
5233,10,3343,2917,HELLO MY NAME IS MUKESH HOW ARE YOU JASDJASDADASSDA,HELLO MY NAME IS MUKESH HOW ARE YOU JASDJASDADASSDA
2657,3,1005,1737,HELLO MY NAME IS MUKESH HOW ARE YOU JASDJASDADASSDA,HELLO MY NAME IS MUKESH HOW ARE YOU JASDJASDADASSDA
5399,7,3029,4597,HELLO MY NAME IS MUKESH HOW ARE YOU JASDJASDADASSDA,HELLO MY NAME IS MUKESH HOW ARE YOU JASDJASDADASSDA
9631,3,8841,1906,HELLO MY NAME IS MUKESH HOW ARE YOU JASDJASDADASSDA,HELLO MY NAME IS MUKESH HOW ARE YOU JASDJASDADASSDA
1427,2,911,797,HELLO MY NAME IS MUKESH HOW ARE YOU JASDJASDADASSDA,HELLO MY NAME IS MUKESH HOW ARE YOU JASDJASDADASSDA
6029,2,3773,1186,HELLO MY NAME IS MUKESH HOW ARE YOU JASDJASDADASSDA,HELLO MY NAME IS MUKESH HOW ARE YOU JASDJASDADASSDA
3863,5,922,1615,HELLO MY NAME IS MUKESH HOW ARE YOU JASDJASDADASSDA,HELLO MY NAME IS MUKESH HOW ARE YOU JASDJASDADASSDA
8669,2,3270,7891,HELLO MY NAME IS MUKESH HOW ARE YOU JASDJASDADASSDA,HELLO MY NAME IS MUKESH HOW ARE YOU JASDJASDADASSDA
8069,2,5767,1655,HELLO MY NAME IS MUKESH HOW ARE YOU JASDJASDADASSDA,HELLO MY NAME IS MUKESH HOW ARE YOU JASDJASDADASSDA
8681,15,367,3176,HELLO MY NAME IS MUKESH HOW ARE YOU JASDJASDADASSDA,HELLO MY NAME IS MUKESH HOW ARE YOU JASDJASDADASSDA
8737,5,4057,2897,HELLO MY NAME IS MUKESH HOW ARE YOU JASDJASDADASSDA,HELLO MY NAME IS MUKESH HOW ARE YOU JASDJASDADASSDA
7349,2,5041,136,HELLO MY NAME IS MUKESH HOW ARE YOU JASDJASDADASSDA,HELLO MY NAME IS MUKESH HOW ARE YOU JASDJASDADASSDA
8677,2,6866,4892,HELLO MY NAME IS MUKESH HOW ARE YOU JASDJASDADASSDA,HELLO MY NAME IS MUKESH HOW ARE YOU JASDJASDADASSDA
4967,5,1780,4041,HELLO MY NAME IS MUKESH HOW ARE YOU JASDJASDADASSDA,HELLO MY NAME IS MUKESH HOW ARE YOU JASDJASDADASSDA
3271,3,1921,938,HELLO MY NAME IS MUKESH HOW ARE YOU JASDJASDADASSDA,HELLO MY NAME IS MUKESH HOW ARE YOU JASDJASDADASSDA
7589,2,2578,3559,HELLO MY NAME IS MUKESH HOW ARE YOU JASDJASDADASSDA,HELLO MY NAME IS MUKESH HOW ARE YOU JASDJASDADASSDA
1289,6,527,489,HELLO MY NAME IS MUKESH HOW ARE YOU JASDJASDADASSDA,HELLO MY NAME IS MUKESH HOW ARE YOU JASDJASDADASSDA
5011,2,988,1081,HELLO MY NAME IS MUKESH HOW ARE YOU JASDJASDADASSDA,HELLO MY NAME IS MUKESH HOW ARE YOU JASDJASDADASSDA
2693,2,1230,840,HELLO MY NAME IS MUKESH HOW ARE YOU JASDJASDADASSDA,HELLO MY NAME IS MUKESH HOW ARE YOU JASDJASDADASSDA
7159,3,3412,3737,HELLO MY NAME IS MUKESH HOW ARE YOU JASDJASDADASSDA,HELLO MY NAME IS MUKESH HOW ARE YOU JASDJASDADASSDA
5471,7,2243,460,HELLO MY NAME IS MUKESH HOW ARE YOU JASDJASDADASSDA,HELLO MY NAME IS MUKESH HOW ARE YOU JASDJASDADASSDA
1129,11,283,518,HELLO MY NAME IS MUKESH HOW ARE YOU JASDJASDADASSDA,HELLO MY NAME IS MUKESH HOW ARE YOU JASDJASDADASSDA
8017,5,4702,4000,HELLO MY NAME IS MUKESH HOW ARE YOU JASDJASDADASSDA,HELLO MY NAME IS MUKESH HOW ARE YOU JASDJASDADASSDA
5449,7,1834,308,HELLO MY NAME IS MUKESH HOW ARE YOU JASDJASDADASSDA,HELLO MY NAME IS MUKESH HOW ARE YOU JASDJASDADASSDA
7703,5,1016,4832,HELLO MY NAME IS MUKESH HOW ARE YOU JASDJASDADASSDA,HELLO MY NAME IS MUKESH HOW ARE YOU JASDJASDADASSDA
8161,7,5102,4333,HELLO MY NAME IS MUKESH HOW ARE YOU JASDJASDADASSDA,HELLO MY NAME IS MUKESH HOW ARE YOU JASDJASDADASSDA
2659,2,1931,1783,HELLO MY NAME IS MUKESH HOW ARE YOU JASDJASDADASSDA,HELLO MY NAME IS MUKESH HOW ARE YOU JASDJASDADASSDA
5179,2,3032,819,HELLO MY NAME IS MUKESH HOW ARE YOU JASDJASDADASSDA,HELLO MY NAME IS MUKESH HOW ARE YOU JASDJASDADASSDA
9461,3,7220,3850,HELLO MY NAME IS MUKESH HOW ARE YOU JASDJASDADASSDA,HELLO MY NAME IS MUKESH HOW ARE YOU JASDJASDADASSDA
9629,2,7061,1829,HELLO MY NAME IS MUKESH HOW ARE YOU JASDJASDADASSDA,HELLO MY NAME IS MUKESH HOW ARE YOU JASDJASDADASSDA
7883,2,4984,2779,HELLO MY NAME IS MUKESH HOW ARE YOU JASDJASDADASSDA,HELLO MY NAME IS MUKESH HOW ARE YOU JASDJASDADASSDA
9721,7,4528,3828,HELLO MY NAME IS MUKESH HOW ARE YOU JASDJASDADASSDA,HELLO MY NAME IS MUKESH HOW ARE YOU JASDJASDADASSDA
3307,2,1040,758,HELLO MY NAME IS MUKESH HOW ARE YOU JASDJASDADASSDA,HELLO MY NAME IS MUKESH HOW ARE YOU JASDJASDADASSDA
5437,5,10,328,HELLO MY NAME IS MUKESH HOW ARE YOU JASDJASDADASSDA,HELLO MY NAME IS MUKESH HOW ARE YOU JASDJASDADASSDA
1187,2,261,337,HELLO MY NAME IS MUKESH HOW ARE YOU JASDJASDADASSDA,HELLO MY NAME IS MUKESH HOW ARE YOU JASDJASDADASSDA
1889,3,1554,1445,HELLO MY NAME IS MUKESH HOW ARE YOU JASDJASDADASSDA,HELLO MY NAME IS MUKESH HOW ARE YOU JASDJASDADASSDA
8521,13,4101,2743,HELLO MY NAME IS MUKESH HOW ARE YOU JASDJASDADASSDA,HELLO MY NAME IS MUKESH HOW ARE YOU JASDJASDADASSDA
1693,2,28,1423,HELLO MY NAME IS MUKESH HOW ARE YOU JASDJASDADASSDA,HELLO MY NAME IS MUKESH HOW ARE YOU JASDJASDADASSDA
9319,3,333,7541,HELLO MY NAME IS MUKESH HOW ARE YOU JASDJASDADASSDA,HELLO MY NAME IS MUKESH HOW ARE YOU JASDJASDADASSDA
8929,11,8376,7368,HELLO MY NAME IS MUKESH HOW ARE YOU JASDJASDADASSDA,HELLO MY NAME IS MUKESH HOW ARE YOU JASDJASDADASSDA
4021,2,1579,1656,HELLO MY NAME IS MUKESH HOW ARE YOU JASDJASDADASSDA,HELLO MY NAME IS MUKESH HOW ARE YOU JASDJASDADASSDA
4091,2,82,1969,HELLO MY NAME IS MUKESH HOW ARE YOU JASDJASDADASSDA,HELLO MY NAME IS MUKESH HOW ARE YOU JASDJASDADASSDA
8681,15,8143,7180,HELLO MY NAME IS MUKESH HOW ARE YOU JASDJASDADASSDA,HELLO MY NAME IS MUKESH HOW ARE YOU JASDJASDADASSDA
7669,2,4316,7504,HELLO MY NAME IS MUKESH HOW ARE YOU JASDJASDADASSDA,HELLO MY NAME IS MUKESH HOW ARE YOU JASDJASDADASSDA
8501,7,3761,7510,HELLO MY NAME IS MUKESH HOW ARE YOU JASDJASDADASSDA,HELLO MY NAME IS MUKESH HOW ARE YOU JASDJASDADASSDA
5443,2,3365,3220,HELLO MY NAME IS MUKESH HOW ARE YOU JASDJASDADASSDA,HELLO MY NAME IS MUKESH HOW ARE YOU JASDJASDADASSDA
1621,2,754,40,HELLO MY NAME IS MUKESH HOW ARE YOU JASDJASDADASSDA,HELLO MY NAME IS MUKESH HOW ARE YOU JASDJASDADASSDA
2671,7,135,1123,HELLO MY NAME IS MUKESH HOW ARE YOU JASDJASDADASSDA,HELLO MY NAME IS MUKESH HOW ARE YOU JASDJASDADASSDA
9803,2,4345,9031,HELLO MY NAME IS MUKESH HOW ARE YOU JASDJASDADASSDA,HELLO MY NAME IS MUKESH HOW ARE YOU JASDJASDADASSDA
5197,7,5108,161,HELLO MY NAME IS MUKESH HOW ARE YOU JASDJASDADASSDA,HELLO MY NAME IS MUKESH HOW ARE YOU JASDJASDADASSDA
8527,5,258,6498,HELLO MY NAME IS MUKESH HOW ARE YOU JASDJASDADASSDA,HELLO MY NAME IS MUKESH HOW ARE YOU JASDJASDADASSDA
3793,5,668,1901,HELLO MY NAME IS MUKESH HOW ARE YOU JASDJASDADASSDA,HELLO MY NAME IS MUKESH HOW ARE YOU JASDJASDADASSDA
9239,19,4150,2431,HELLO MY NAME IS MUKESH HOW ARE YOU JASDJASDADASSDA,HELLO MY NAME IS MUKESH HOW ARE YOU JASDJASDADASSDA
6389,2,2120,3991,HELLO MY NAME IS MUKESH HOW ARE YOU JASDJASDADASSDA,HELLO MY NAME IS MUKESH HOW ARE YOU JASDJASDADASSDA
3121,7,2581,2046,HELLO MY NAME IS MUKESH HOW ARE YOU JASDJASDADASSDA,HELLO MY NAME IS MUKESH HOW ARE YOU JASDJASDADASSDA
1913,3,756,1617,HELLO MY NAME IS MUKESH HOW ARE YOU JASDJASDADASSDA,HELLO MY NAME IS MUKESH HOW ARE YOU JASDJASDADASSDA
8237,2,3397,7690,HELLO MY NAME IS MUKESH HOW ARE YOU JASDJASDADASSDA,HELLO MY NAME IS MUKESH HOW ARE YOU JASDJASDADASSDA
8387,2,7841,4702,HELLO MY NAME IS MUKESH HOW ARE YOU JASDJASDADASSDA,HELLO MY NAME IS MUKESH HOW ARE YOU JASDJASDADASSDA
1231,3,256,1172,HELLO MY NAME IS MUKESH HOW ARE YOU JASDJASDADASSDA,HELLO MY NAME IS MUKESH HOW ARE YOU JASDJASDADASSDA
3821,3,2957,898,HELLO MY NAME IS MUKESH HOW ARE YOU JASDJASDADASSDA,HELLO MY NAME IS MUKESH HOW ARE YOU JASDJASDADASSDA
5531,10,720,190,HELLO MY NAME IS MUKESH HOW ARE YOU JASDJASDADASSDA,HELLO MY NAME IS MUKESH HOW ARE YOU JASDJASDADASSDA
1381,2,569,769,HELLO MY NAME IS MUKESH HOW ARE YOU JASDJASDADASSDA,HELLO MY NAME IS MUKESH HOW ARE YOU JASDJASDADASSDA
7753,10,2848,2960,HELLO MY NAME IS MUKESH HOW ARE YOU JASDJASDADASSDA,HELLO MY NAME IS MUKESH HOW ARE YOU JASDJASDADASSDA
7451,2,3946,5759,HELLO MY NAME IS MUKESH HOW ARE YOU JASDJASDADASSDA,HELLO MY NAME IS MUKESH HOW ARE YOU JASDJASDADASSDA
3023,5,2201,1387,HELLO MY NAME IS MUKESH HOW ARE YOU JASDJASDADASSDA,HELLO MY NAME IS MUKESH HOW ARE YOU JASDJASDADASSDA
3259,3,648,1255,HELLO MY NAME IS MUKESH HOW ARE YOU JASDJASDADASSDA,HELLO MY NAME IS MUKESH HOW ARE YOU JASDJASDADASSDA
9137,3,253,759,HELLO MY NAME IS MUKESH HOW ARE YOU JASDJASDADASSDA,HELLO MY NAME IS MUKESH HOW ARE YOU JASDJASDADASSDA
9001,7,5464,8691,HELLO MY NAME IS MUKESH HOW ARE YOU JASDJASDADASSDA,HELLO MY NAME IS MUKESH HOW ARE YOU JASDJASDADASSDA
6449,3,1294,3893,HELLO MY NAME IS MUKESH HOW ARE YOU JASDJASDADASSDA,HELLO MY NAME IS MUKESH HOW ARE YOU JASDJASDADASSDA
2477,2,300,2093,HELLO MY NAME IS MUKESH HOW ARE YOU JASDJASDADASSDA,HELLO MY NAME IS MUKESH HOW ARE YOU JASDJASDADASSDA
8893,5,2984,5401,HELLO MY NAME IS MUKESH HOW ARE YOU JASDJASDADASSDA,HELLO MY NAME IS MUKESH HOW ARE YOU JASDJASDADASSDA
6203,2,5744,6129,HELLO MY NAME IS MUKESH HOW ARE YOU JASDJASDADASSDA,HELLO MY NAME IS MUKESH HOW ARE YOU JASDJASDADASSDA
3617,3,1667,1685,HELLO MY NAME IS MUKESH HOW ARE YOU JASDJASDADASSDA,HELLO MY NAME IS MUKESH HOW ARE YOU JASDJASDADASSDA
4951,6,3535,4440,HELLO MY NAME IS MUKESH HOW ARE YOU JASDJASDADASSDA,HELLO MY NAME IS MUKESH HOW ARE YOU JASDJASDADASSDA
2473,5,285,846,HELLO MY NAME IS MUKESH HOW ARE YOU JASDJASDADASSDA,HELLO MY NAME IS MUKESH HOW ARE YOU JASDJASDADASSDA
8779,11,7156,1856,HELLO MY NAME IS MUKESH HOW ARE YOU JASDJASDADASSDA,HELLO MY NAME IS MUKESH HOW ARE YOU JASDJASDADASSDA
2113,5,891,1602,HELLO MY NAME IS MUKESH HOW ARE YOU JASDJASDADASSDA,HELLO MY NAME IS MUKESH HOW ARE YOU JASDJASDADASSDA
2657,3,163,1992,HELLO MY NAME IS MUKESH HOW ARE YOU JASDJASDADASSDA,HELLO MY NAME IS MUKESH HOW ARE YOU JASDJASDADASSDA
2411,6,63,254,HELLO MY NAME IS MUKESH HOW ARE YOU JASDJASDADASSDA,HELLO MY NAME IS MUKESH HOW ARE YOU JASDJASDADASSDA
8147,2,2828,5149,HELLO MY NAME IS MUKESH HOW ARE YOU JASDJASDADASSDA,HELLO MY NAME IS MUKESH HOW ARE YOU JASDJASDADASSDA
8081,3,7480,2750,HELLO MY NAME IS MUKESH HOW ARE YOU JASDJASDADASSDA,HELLO MY NAME IS MUKESH HOW ARE YOU JASDJASDADASSDA
1429,6,1352,709,HELLO MY NAME IS MUKESH HOW ARE YOU JASDJASDADASSDA,HELLO MY NAME IS MUKESH HOW ARE YOU JASDJASDADASSDA
7759,3,5485,7253,HELLO MY NAME IS MUKESH HOW ARE YOU JASDJASDADASSDA,HELLO MY NAME IS MUKESH HOW ARE YOU JASDJASDADASSDA
6121,7,4436,5142,HELLO MY NAME IS MUKESH HOW ARE YOU JASDJASDADASSDA,HELLO MY NAME IS MUKESH HOW ARE YOU JASDJASDADASSDA
8443,2,7251,2295,HELLO MY NAME IS MUKESH HOW ARE YOU JASDJASDADASSDA,HELLO MY NAME IS MUKESH HOW ARE YOU JASDJASDADASSDA
4139,2,2620,1204,HELLO MY NAME IS MUKESH HOW ARE YOU JASDJASDADASSDA,HELLO MY NAME IS MUKESH HOW ARE YOU JASDJASDADASSDA
7687,6,4549,4194,HELLO MY NAME IS MUKESH HOW ARE YOU JASDJASDADASSDA,HELLO MY NAME IS MUKESH HOW ARE YOU JASDJASDADASSDA
7589,2,5748,3496,HELLO MY NAME IS MUKESH HOW ARE YOU JASDJASDADASSDA,HELLO MY NAME IS MUKESH HOW ARE YOU JASDJASDADASSDA
1913,3,502,1702,HELLO MY NAME IS MUKESH HOW ARE YOU JASDJASDADASSDA,HELLO MY NAME IS MUKESH HOW ARE YOU JASDJASDADASSDA
3329,3,1357,111,HELLO MY NAME IS MUKESH HOW ARE YOU JASDJASDADASSDA,HELLO MY NAME IS MUKESH HOW ARE YOU JASDJASDADASSDA
9001,7,2764,3239,HELLO MY NAME IS MUKESH HOW ARE YOU JASDJASDADASSDA,HELLO MY NAME IS MUKESH HOW ARE YOU JASDJASDADASSDA
3067,2,2301,1417,HELLO MY NAME IS MUKESH HOW ARE YOU JASDJASDADASSDA,HELLO MY NAME IS MUKESH HOW ARE YOU JASDJASDADASSDA
5231,7,4804,5228,HELLO MY NAME IS MUKESH HOW ARE YOU JASDJASDADASSDA,HELLO MY NAME IS MUKESH HOW ARE YOU JASDJASDADASSDA
1061,2,871,463,HELLO MY NAME IS MUKESH HOW ARE YOU JASDJASDADASSDA,HELLO MY NAME IS MUKESH HOW ARE YOU JASDJASDADASSDA
1151,17,243,560,HELLO MY NAME IS MUKESH HOW ARE YOU JASDJASDADASSDA,HELLO MY NAME IS MUKESH HOW ARE YOU JASDJASDADASSDA
2111,7,891,1944,HELLO MY NAME IS MUKESH HOW ARE YOU JASDJASDADASSDA,HELLO MY NAME IS MUKESH HOW ARE YOU JASDJASDADASSDA
3181,7,1453,1200,HELLO MY NAME IS MUKESH HOW ARE YOU JASDJASDADASSDA,HELLO MY NAME IS MUKESH HOW ARE YOU JASDJASDADASSDA
4547,2,2081,3607,HELLO MY NAME IS MUKESH HOW ARE YOU JASDJASDADASSDA,HELLO MY NAME IS MUKESH HOW ARE YOU JASDJASDADASSDA
8681,15,5350,5832,HELLO MY NAME IS MUKESH HOW ARE YOU JASDJASDADASSDA,HELLO MY NAME IS MUKESH HOW ARE YOU JASDJASDADASSDA
5003,2,532,4729,HELLO MY NAME IS MUKESH HOW ARE YOU JASDJASDADASSDA,HELLO MY NAME IS MUKESH HOW ARE YOU JASDJASDADASSDA
1747,2,967,520,HELLO MY NAME IS MUKESH HOW ARE YOU JASDJASDADASSDA,HELLO MY NAME IS MUKESH HOW ARE YOU JASDJASDADASSDA
2081,3,1584,611,HELLO MY NAME IS MUKESH HOW ARE YOU JASDJASDADASSDA,HELLO MY NAME IS MUKESH HOW ARE YOU JASDJASDADASSDA
4673,3,4391,2240,HELLO MY NAME IS MUKESH HOW ARE YOU JASDJASDADASSDA,HELLO MY NAME IS MUKESH HOW ARE YOU JASDJASDADASSDA
2531,2,2216,1680,HELLO MY NAME IS MUKESH HOW ARE YOU JASDJASDADASSDA,HELLO MY NAME IS MUKESH HOW ARE YOU JASDJASDADASSDA
6833,3,1990,3558,HELLO MY NAME IS MUKESH HOW ARE YOU JASDJASDADASSDA,HELLO MY NAME IS MUKESH HOW ARE YOU JASDJASDADASSDA
1399,13,256,1194,HELLO MY NAME IS MUKESH HOW ARE YOU JASDJASDADASSDA,HELLO MY NAME IS MUKESH HOW ARE YOU JASDJASDADASSDA
8221,2,5564,4675,HELLO MY NAME IS MUKESH HOW ARE YOU JASDJASDADASSDA,HELLO MY NAME IS MUKESH HOW ARE YOU JASDJASDADASSDA
1637,2,225,1532,HELLO MY NAME IS MUKESH HOW ARE YOU JASDJASDADASSDA,HELLO MY NAME IS MUKESH HOW ARE YOU JASDJASDADASSDA
3533,2,1444,3168,HELLO MY NAME IS MUKESH HOW ARE YOU JASDJASDADASSDA,HELLO MY NAME IS MUKESH HOW ARE YOU JASDJASDADASSDA
4243,2,2964,1809,HELLO MY NAME IS MUKESH HOW ARE YOU JASDJASDADASSDA,HELLO MY NAME IS MUKESH HOW ARE YOU JASDJASDADASSDA
4813,2,2845,242,HELLO MY NAME IS MUKESH HOW ARE YOU JASDJASDADASSDA,HELLO MY NAME IS MUKESH HOW ARE YOU JASDJASDADASSDA
9221,2,6460,2799,HELLO MY NAME IS MUKESH HOW ARE YOU JASDJASDADASSDA,HELLO MY NAME IS MUKESH HOW ARE YOU JASDJASDADASSDA
9949,2,8298,2545,HELLO MY NAME IS MUKESH HOW ARE YOU JASDJASDADASSDA,HELLO MY NAME IS MUKESH HOW ARE YOU JASDJASDADASSDA
9109,10,6477,1288,HELLO MY NAME IS MUKESH HOW ARE YOU JASDJASDADASSDA,HELLO MY NAME IS MUKESH HOW ARE YOU JASDJASDADASSDA
1553,3,633,245,HELLO MY NAME IS MUKESH HOW ARE YOU JASDJASDADASSDA,HELLO MY NAME IS MUKESH HOW ARE YOU JASDJASDADASSDA
5351,11,4553,3859,HELLO MY NAME IS MUKESH HOW ARE YOU JASDJASDADASSDA,HELLO MY NAME IS MUKESH HOW ARE YOU JASDJASDADASSDA
9887,5,5222,7260,HELLO MY NAME IS MUKESH HOW ARE YOU JASDJASDADASSDA,HELLO MY NAME IS MUKESH HOW ARE YOU JASDJASDADASSDA
3259,3,1359,1777,HELLO MY NAME IS MUKESH HOW ARE YOU JASDJASDADASSDA,HELLO MY NAME IS MUKESH HOW ARE YOU JASDJASDADASSDA
4951,6,3080,1488,HELLO MY NAME IS MUKESH HOW ARE YOU JASDJASDADASSDA,HELLO MY NAME IS MUKESH HOW ARE YOU JASDJASDADASSDA
1153,5,639,1031,HELLO MY NAME IS MUKESH HOW ARE YOU JASDJASDADASSDA,HELLO MY NAME IS MUKESH HOW ARE YOU JASDJASDADASSDA
7451,2,73,1337,HELLO MY NAME IS MUKESH HOW ARE YOU JASDJASDADASSDA,HELLO MY NAME IS MUKESH HOW ARE YOU JASDJASDADASSDA
6067,2,4567,3125,HELLO MY NAME IS MUKESH HOW ARE YOU JASDJASDADASSDA,HELLO MY NAME IS MUKESH HOW ARE YOU JASDJASDADASSDA
5443,2,167,2703,HELLO MY NAME IS MUKESH HOW ARE YOU JASDJASDADASSDA,HELLO MY NAME IS MUKESH HOW ARE YOU JASDJASDADASSDA
3217,5,3090,1032,HELLO MY NAME IS MUKESH HOW ARE YOU JASDJASDADASSDA,HELLO MY NAME IS MUKESH HOW ARE YOU JASDJASDADASSDA
4099,2,97,598,HELLO MY NAME IS MUKESH HOW ARE YOU JASDJASDADASSDA,HELLO MY NAME IS MUKESH HOW ARE YOU JASDJASDADASSDA
3407,5,191,2597,HELLO MY NAME IS MUKESH HOW ARE YOU JASDJASDADASSDA,HELLO MY NAME IS MUKESH HOW ARE YOU JASDJASDADASSDA
8263,3,3524,5645,HELLO MY NAME IS MUKESH HOW ARE YOU JASDJASDADASSDA,HELLO MY NAME IS MUKESH HOW ARE YOU JASDJASDADASSDA
5189,2,365,3630,HELLO MY NAME IS MUKESH HOW ARE YOU JASDJASDADASSDA,HELLO MY NAME IS MUKESH HOW ARE YOU JASDJASDADASSDA
2689,19,864,1506,HELLO MY NAME IS MUKESH HOW ARE YOU JASDJASDADASSDA,HELLO MY NAME IS MUKESH HOW ARE YOU JASDJASDADASSDA
5743,10,4978,4953,HELLO MY NAME IS MUKESH HOW ARE YOU JASDJASDADASSDA,HELLO MY NAME IS MUKESH HOW ARE YOU JASDJASDADASSDA
4057,5,156,2880,HELLO MY NAME IS MUKESH HOW ARE YOU JASDJASDADASSDA,HELLO MY NAME IS MUKESH HOW ARE YOU JASDJASDADASSDA
1733,2,308,793,HELLO MY NAME IS MUKESH HOW ARE YOU JASDJASDADASSDA,HELLO MY NAME IS MUKESH HOW ARE YOU JASDJASDADASSDA
3001,14,949,2419,HELLO MY NAME IS MUKESH HOW ARE YOU JASDJASDADASSDA,HELLO MY NAME IS MUKESH HOW ARE YOU JASDJASDADASSDA
8641,17,1890,7873,HELLO MY NAME IS MUKESH HOW ARE YOU JASDJASDADASSDA,HELLO MY NAME IS MUKESH HOW ARE YOU JASDJASDADASSDA
1459,3,369,927,HELLO MY NAME IS MUKESH HOW ARE YOU JASDJASDADASSDA,HELLO MY NAME IS MUKESH HOW ARE YOU JASDJASDADASSDA
8293,2,5424,7100,HELLO MY NAME IS MUKESH HOW ARE YOU JASDJASDADASSDA,HELLO MY NAME IS MUKESH HOW ARE YOU JASDJASDADASSDA
7703,5,2393,290,HELLO MY NAME IS MUKESH HOW ARE YOU JASDJASDADASSDA,HELLO MY NAME IS MUKESH HOW ARE YOU JASDJASDADASSDA
2477,2,1269,2218,HELLO MY NAME IS MUKESH HOW ARE YOU JASDJASDADASSDA,HELLO MY NAME IS MUKESH HOW ARE YOU JASDJASDADASSDA
8831,7,2411,5068,HELLO MY NAME IS MUKESH HOW ARE YOU JASDJASDADASSDA,HELLO MY NAME IS MUKESH HOW ARE YOU JASDJASDADASSDA
6907,2,185,6579,HELLO MY NAME IS MUKESH HOW ARE YOU JASDJASDADASSDA,HELLO MY NAME IS MUKESH HOW ARE YOU JASDJASDADASSDA
5867,5,4005,1948,HELLO MY NAME IS MUKESH HOW ARE YOU JASDJASDADASSDA,HELLO MY NAME IS MUKESH HOW ARE YOU JASDJASDADASSDA
3511,7,118,804,HELLO MY NAME IS MUKESH HOW ARE YOU JASDJASDADASSDA,HELLO MY NAME IS MUKESH HOW ARE YOU JASDJASDADASSDA
2459,2,64,6,HELLO MY NAME IS MUKESH HOW ARE YOU JASDJASDADASSDA,HELLO MY NAME IS MUKESH HOW ARE YOU JASDJASDADASSDA
5867,5,3760,747,HELLO MY NAME IS MUKESH HOW ARE YOU JASDJASDADASSDA,HELLO MY NAME IS MUKESH HOW ARE YOU JASDJASDADASSDA
2861,2,2560,1577,HELLO MY NAME IS MUKESH HOW ARE YOU JASDJASDADASSDA,HELLO MY NAME IS MUKESH HOW ARE YOU JASDJASDADASSDA
8387,2,7020,7604,HELLO MY NAME IS MUKESH HOW ARE YOU JASDJASDADASSDA,HELLO MY NAME IS MUKESH HOW ARE YOU JASDJASDADASSDA
9857,5,483,1693,HELLO MY NAME IS MUKESH HOW ARE YOU JASDJASDADASSDA,HELLO MY NAME IS MUKESH HOW ARE YOU JASDJASDADASSDA
4519,3,2784,155,HELLO MY NAME IS MUKESH HOW ARE YOU JASDJASDADASSDA,HELLO MY NAME IS MUKESH HOW ARE YOU JASDJASDADASSDA
1279,3,858,183,HELLO MY NAME IS MUKESH HOW ARE YOU JASDJASDADASSDA,HELLO MY NAME IS MUKESH HOW ARE YOU JASDJASDADASSDA
5347,3,1608,2291,HELLO MY NAME IS MUKESH HOW ARE YOU JASDJASDADASSDA,HELLO MY NAME IS MUKESH HOW ARE YOU JASDJASDADASSDA
2203,5,60,1444,HELLO MY NAME IS MUKESH HOW ARE YOU JASDJASDADASSDA,HELLO MY NAME IS MUKESH HOW ARE YOU JASDJASDADASSDA
1997,2,1379,945,HELLO MY NAME IS MUKESH HOW ARE YOU JASDJASDADASSDA,HELLO MY NAME IS MUKESH HOW ARE YOU JASDJASDADASSDA
1171,2,722,635,HELLO MY NAME IS MUKESH HOW ARE YOU JASDJASDADASSDA,HELLO MY NAME IS MUKESH HOW ARE YOU JASDJASDADASSDA
1697,3,842,1153,HELLO MY NAME IS MUKESH HOW ARE YOU JASDJASDADASSDA,HELLO MY NAME IS MUKESH HOW ARE YOU JASDJASDADASSDA
8429,2,5501,1998,HELLO MY NAME IS MUKESH HOW ARE YOU JASDJASDADASSDA,HELLO MY NAME IS MUKESH HOW ARE YOU JASDJASDADASSDA
4051,10,1302,2638,HELLO MY NAME IS MUKESH HOW ARE YOU JASDJASDADASSDA,HELLO MY NAME IS MUKESH HOW ARE YOU JASDJASDADASSDA
5471,7,2100,2059,HELLO MY NAME IS MUKESH HOW ARE YOU JASDJASDADASSDA,HELLO MY NAME IS MUKESH HOW ARE YOU JASDJASDADASSDA
1759,6,353,415,HELLO MY NAME IS MUKESH HOW ARE YOU JASDJASDADASSDA,HELLO MY NAME IS MUKESH HOW ARE YOU JASDJASDADASSDA
8237,2,6004,7181,HELLO MY NAME IS MUKESH HOW ARE YOU JASDJASDADASSDA,HELLO MY NAME IS MUKESH HOW ARE YOU JASDJASDADASSDA
6841,22,6657,3557,HELLO MY NAME IS MUKESH HOW ARE YOU JASDJASDADASSDA,HELLO MY NAME IS MUKESH HOW ARE YOU JASDJASDADASSDA
1553,3,1131,68,HELLO MY NAME IS MUKESH HOW ARE YOU JASDJASDADASSDA,HELLO MY NAME IS MUKESH HOW ARE YOU JASDJASDADASSDA
1459,3,528,935,HELLO MY NAME IS MUKESH HOW ARE YOU JASDJASDADASSDA,HELLO MY NAME IS MUKESH HOW ARE YOU JASDJASDADASSDA
4099,2,3743,2571,HELLO MY NAME IS MUKESH HOW ARE YOU JASDJASDADASSDA,HELLO MY NAME IS MUKESH HOW ARE YOU JASDJASDADASSDA
9403,3,9059,1828,HELLO MY NAME IS MUKESH HOW ARE YOU JASDJASDADASSDA,HELLO MY NAME IS MUKESH HOW ARE YOU JASDJASDADASSDA
4723,2,1294,2650,HELLO MY NAME IS MUKESH HOW ARE YOU JASDJASDADASSDA,HELLO MY NAME IS MUKESH HOW ARE YOU JASDJASDADASSDA
3359,11,1022,2828,HELLO MY NAME IS MUKESH HOW ARE YOU JASDJASDADASSDA,HELLO MY NAME IS MUKESH HOW ARE YOU JASDJASDADASSDA
5981,3,5547,3093,HELLO MY NAME IS MUKESH HOW ARE YOU JASDJASDADASSDA,HELLO MY NAME IS MUKESH HOW ARE YOU JASDJASDADASSDA
4723,2,3645,3303,HELLO MY NAME IS MUKESH HOW ARE YOU JASDJASDADASSDA,HELLO MY NAME IS MUKESH HOW ARE YOU JASDJASDADASSDA
6217,5,121,306,HELLO MY NAME IS MUKESH HOW ARE YOU JASDJASDADASSDA,HELLO MY NAME IS MUKESH HOW ARE YOU JASDJASDADASSDA
5851,2,4228,5086,HELLO MY NAME IS MUKESH HOW ARE YOU JASDJASDADASSDA,HELLO MY NAME IS MUKESH HOW ARE YOU JASDJASDADASSDA
5351,11,4046,2710,HELLO MY NAME IS MUKESH HOW ARE YOU JASDJASDADASSDA,HELLO MY NAME IS MUKESH HOW ARE YOU JASDJASDADASSDA
2953,13,2464,589,HELLO MY NAME IS MUKESH HOW ARE YOU JASDJASDADASSDA,HELLO MY NAME IS MUKESH HOW ARE YOU JASDJASDADASSDA
2281,7,1003,2192,HELLO MY NAME IS MUKESH HOW ARE YOU JASDJASDADASSDA,HELLO MY NAME IS MUKESH HOW ARE YOU JASDJASDADASSDA
7639,7,331,5021,HELLO MY NAME IS MUKESH HOW ARE YOU JASDJASDADASSDA,HELLO MY NAME IS MUKESH HOW ARE YOU JASDJASDADASSDA
4159,3,2164,4108,HELLO PIKU,HELLO PIKU
4111,12,2416,3907,HELLO PIKU,HELLO PIKU
5827,2,2444,1476,HELLO PIKU,HELLO PIKU
6329,3,3148,4077,HELLO PIKU,HELLO PIKU
6353,3,3109,994,HELLO PIKU,HELLO PIKU
8011,14,531,1441,HELLO PIKU,HELLO PIKU
8689,13,3292,3296,HELLO PIKU,HELLO PIKU
6353,3,6197,753,HELLO PIKU,HELLO PIKU
7853,2,457,3326,HELLO PIKU,HELLO PIKU
1201,11,1139,711,HELLO PIKU,HELLO PIKU
8363,2,6996,4009,HELLO PIKU,HELLO PIKU
3079,6,1425,104,HELLO PIKU,HELLO PIKU
2791,6,2317,1077,HELLO PIKU,HELLO PIKU
3947,2,2184,1704,HELLO PIKU,HELLO PIKU
2677,2,1033,1784,HELLO PIKU,HELLO PIKU
2593,7,1251,928,HELLO PIKU,HELLO PIKU
4421,3,798,1395,HELLO PIKU,HELLO PIKU
9161,3,8293,6341,HELLO PIKU,HELLO PIKU
2683,2,384,2264,HELLO PIKU,HELLO PIKU
1297,10,185,896,HELLO PIKU,HELLO PIKU
5309,2,1691,2800,HELLO PIKU,HELLO PIKU
9803,2,3309,1971,HELLO PIKU,HELLO PIKU
7691,2,6982,341,HELLO PIKU,HELLO PIKU
3079,6,2753,1056,HELLO PIKU,HELLO PIKU
5087,5,2345,4332,HELLO PIKU,HELLO PIKU
4909,6,2201,695,HELLO PIKU,HELLO PIKU
8447,5,595,7087,HELLO PIKU,HELLO PIKU
4441,21,3648,4127,HELLO PIKU,HELLO PIKU
8191,17,1315,5454,HELLO PIKU,HELLO PIKU
7151,7,6880,5379,HELLO PIKU,HELLO PIKU
1303,6,877,837,HELLO PIKU,HELLO PIKU
1367,5,805,918,HELLO PIKU,HELLO PIKU
8839,3,4930,5390,HELLO PIKU,HELLO PIKU
4463,5,4126,3903,HELLO PIKU,HELLO PIKU
7043,2,91,5705,HELLO PIKU,HELLO PIKU
7823,5,83,3959,HELLO PIKU,HELLO PIKU
8539,2,7203,5901,HELLO PIKU,HELLO PIKU
6521,6,5119,5553,HELLO PIKU,HELLO PIKU
7027,2,4826,6977,HELLO PIKU,HELLO PIKU
5081,3,1151,4390,HELLO PIKU,HELLO PIKU
5003,2,3596,1531,HELLO PIKU,HELLO PIKU
8863,3,2606,7442,HELLO PIKU,HELLO PIKU
8353,5,1829,3333,HELLO PIKU,HELLO PIKU
5387,2,3032,3120,HELLO PIKU,HELLO PIKU
7517,2,2138,5274,HELLO PIKU,HELLO PIKU
8677,2,8532,787,HELLO PIKU,HELLO PIKU
6367,3,245,425,HELLO PIKU,HELLO PIKU
1609,7,616,929,HELLO PIKU,HELLO PIKU
9433,5,2641,6598,HELLO PIKU,HELLO PIKU
7559,13,5043,3730,HELLO PIKU,HELLO PIKU
5209,17,264,4625,HELLO PIKU,HELLO PIKU
6367,3,815,652,HELLO PIKU,HELLO PIKU
3209,3,1282,934,HELLO PIKU,HELLO PIKU
3727,3,1588,1042,HELLO PIKU,HELLO PIKU
6719,11,3891,4248,HELLO PIKU,HELLO PIKU
5113,19,1559,4843,HELLO PIKU,HELLO PIKU
4549,6,4326,3396,HELLO PIKU,HELLO PIKU
2543,5,300,286,HELLO PIKU,HELLO PIKU
3449,3,1099,1712,HELLO PIKU,HELLO PIKU
6899,2,4758,1080,HELLO PIKU,HELLO PIKU
7417,5,4990,3283,HELLO PIKU,HELLO PIKU
4789,2,2608,4062,HELLO PIKU,HELLO PIKU
7127,5,744,653,HELLO PIKU,HELLO PIKU
3463,3,1866,836,HELLO PIKU,HELLO PIKU
1123,2,971,308,HELLO PIKU,HELLO PIKU
6703,5,1990,4455,HELLO PIKU,HELLO PIKU
8273,3,153,7829,HELLO PIKU,HELLO PIKU
8317,6,1782,6499,HELLO PIKU,HELLO PIKU
6211,2,5400,4980,HELLO PIKU,HELLO PIKU
6763,2,4271,6468,HELLO PIKU,HELLO PIKU
8377,5,5825,4255,HELLO PIKU,HELLO PIKU
6857,3,5634,5580,HELLO PIKU,HELLO PIKU
6199,3,4665,797,HELLO PIKU,HELLO PIKU
8461,6,347,8250,HELLO PIKU,HELLO PIKU
2557,2,41,263,HELLO PIKU,HELLO PIKU
1459,3,158,395,HELLO PIKU,HELLO PIKU
3727,3,1040,745,HELLO PIKU,HELLO PIKU
6163,3,4527,4258,HELLO PIKU,HELLO PIKU
4909,6,509,4768,HELLO PIKU,HELLO PIKU
9461,3,7632,4559,HELLO PIKU,HELLO PIKU
1811,6,1559,547,HELLO PIKU,HELLO PIKU
9421,2,5853,3214,HELLO PIKU,HELLO PIKU
1409,3,182,221,HELLO PIKU,HELLO PIKU
4817,3,2343,4772,HELLO PIKU,HELLO PIKU
7069,2,3403,5266,HELLO PIKU,HELLO PIKU
8069,2,169,1156,HELLO PIKU,HELLO PIKU
6043,5,1873,4989,HELLO PIKU,HELLO PIKU
4967,5,2947,2205,HELLO PIKU,HELLO PIKU
4177,5,2538,3209,HELLO PIKU,HELLO PIKU
5179,2,913,110,HELLO PIKU,HELLO PIKU
7793,3,935,4046,HELLO PIKU,HELLO PIKU
1399,13,1048,319,HELLO PIKU,HELLO PIKU
1973,2,476,1571,HELLO PIKU,HELLO PIKU
4957,2,2111,3856,HELLO PIKU,HELLO PIKU
3607,5,1308,1904,HELLO PIKU,HELLO PIKU
5981,3,3512,1221,HELLO PIKU,HELLO PIKU
3167,5,2912,2297,HELLO PIKU,HELLO PIKU
9677,2,5904,6492,HELLO PIKU,HELLO PIKU
9281,3,6644,4154,HELLO PIKU,HELLO PIKU
5297,3,1329,4879,HELLO PIKU,HELLO PIKU
